order_item_id,order_id,product_id,quantity,unit_price,item_total
1,1,5921,2,18.87,37.74
2,1,11019,4,131.98,527.92
3,1,4607,1,98.0,98.0
4,1,10054,4,341.74,1366.96
1,2,7494,1,397.55,397.55
2,2,7354,4,334.8,1339.2
3,2,1051,3,489.21,1467.6299999999999
4,2,11443,4,423.26,1693.04
1,3,5962,3,226.16,678.48
2,3,11180,4,166.32,665.28
3,3,10994,1,261.76,261.76
4,3,4207,3,20.22,60.66
1,4,1152,1,43.42,43.42
2,4,1586,2,139.8,279.6
3,4,9448,1,155.12,155.12
4,4,10506,4,181.64,726.56
5,4,7556,3,326.07,978.21
1,5,4882,4,496.69,1986.76
1,6,891,4,14.51,58.04
2,6,554,4,153.05,612.2
3,6,6546,2,476.02,952.04
4,6,5937,3,231.06,693.1800000000001
1,7,6964,3,151.79,455.37
2,7,6620,3,143.68,431.04
1,8,1827,4,267.44,1069.76
2,8,1467,3,280.45,841.3499999999999
1,9,8874,4,205.51,822.04
2,9,5519,4,157.79,631.16
1,10,5180,4,354.2,1416.8
2,10,470,4,68.76,275.04
1,11,7846,2,148.42,296.84
2,11,4791,3,301.09,903.27
3,11,11002,4,48.63,194.52
4,11,2385,4,429.95,1719.8
1,12,11026,4,217.12,868.48
2,12,9098,4,410.13,1640.52
3,12,303,2,16.46,32.92
4,12,6733,3,16.0,48.0
5,12,6734,2,315.63,631.26
1,13,797,4,132.67,530.68
1,14,8748,4,145.88,583.52
2,14,5915,4,51.73,206.92
3,14,7717,4,428.28,1713.12
1,15,3324,2,489.1,978.2
2,15,1737,4,276.95,1107.8
3,15,1291,2,436.41,872.82
4,15,7758,2,261.56,523.12
1,16,11758,4,76.03,304.12
2,16,11882,2,307.68,615.36
1,17,3628,1,336.51,336.51
1,18,9037,4,253.77,1015.08
2,18,6524,3,485.78,1457.34
1,19,10711,4,363.0,1452.0
2,19,396,4,63.12,252.48
1,20,10603,1,7.13,7.13
1,21,8851,1,23.36,23.36
1,22,217,3,409.45,1228.35
2,22,5972,4,286.13,1144.52
3,22,240,3,497.76,1493.28
4,22,11651,4,75.28,301.12
1,23,11084,1,102.81,102.81
2,23,11313,3,180.54,541.62
1,24,590,4,94.1,376.4
2,24,11312,2,266.06,532.12
3,24,9466,3,190.99,572.97
4,24,8102,4,344.24,1376.96
5,24,6576,4,133.62,534.48
1,25,3172,2,189.96,379.92
2,25,3800,4,495.9,1983.6
1,26,347,2,362.95,725.9
2,26,2350,1,10.51,10.51
3,26,3411,1,402.98,402.98
4,26,4983,1,176.44,176.44
1,27,5025,3,405.41,1216.23
1,28,10254,3,261.89,785.67
2,28,782,4,323.2,1292.8
1,29,1088,2,182.28,364.56
2,29,8464,2,323.72,647.44
3,29,7691,1,130.15,130.15
1,30,6885,2,438.6,877.2
2,30,1322,1,119.12,119.12
3,30,10976,1,489.59,489.59
1,31,2064,3,63.11,189.32999999999998
1,32,1662,1,194.85,194.85
1,33,6863,4,414.22,1656.88
2,33,11674,1,324.9,324.9
3,33,2535,2,72.77,145.54
4,33,9597,1,331.95,331.95
5,33,10866,4,404.42,1617.68
1,34,7500,4,188.94,755.76
1,35,3887,2,464.75,929.5
1,36,1828,3,159.32,477.96
1,37,2549,4,148.69,594.76
1,38,3065,4,446.27,1785.08
1,39,6467,4,292.1,1168.4
2,39,7406,2,30.34,60.68
3,39,11031,4,153.93,615.72
1,40,5386,4,299.59,1198.36
1,41,3353,3,253.16,759.48
1,42,11850,3,37.84,113.52000000000001
2,42,6832,1,298.65,298.65
3,42,1572,4,136.31,545.24
1,43,7145,3,155.9,467.70000000000005
2,43,7435,4,494.47,1977.88
1,44,8995,2,38.39,76.78
2,44,2005,2,373.85,747.7
3,44,7508,2,240.82,481.64
4,44,5435,3,194.86,584.58
5,44,4334,3,255.15,765.45
1,45,7276,1,394.88,394.88
2,45,2029,3,322.26,966.78
3,45,9254,4,423.44,1693.76
4,45,9159,2,64.11,128.22
1,46,5827,1,178.18,178.18
2,46,11096,2,23.47,46.94
3,46,11029,1,257.45,257.45
4,46,8742,4,150.24,600.96
1,47,11462,3,442.86,1328.58
1,48,4577,1,446.75,446.75
2,48,85,1,374.13,374.13
3,48,317,1,55.24,55.24
1,49,9619,3,255.76,767.28
2,49,4386,2,304.82,609.64
3,49,8734,2,108.57,217.14
4,49,11555,3,355.78,1067.34
5,49,1355,3,366.74,1100.22
1,50,8566,2,209.37,418.74
1,51,927,3,424.4,1273.1999999999998
2,51,4716,1,162.54,162.54
3,51,10928,3,259.14,777.42
4,51,3205,4,297.2,1188.8
5,51,9170,2,384.38,768.76
1,52,368,2,440.78,881.56
2,52,4862,1,311.55,311.55
3,52,5648,4,302.63,1210.52
4,52,3938,1,303.68,303.68
1,53,10009,1,308.37,308.37
2,53,1583,4,401.84,1607.36
3,53,6744,4,261.32,1045.28
4,53,5631,3,408.01,1224.03
5,53,411,4,307.31,1229.24
1,54,5085,4,76.61,306.44
1,55,3081,4,275.56,1102.24
2,55,6965,3,242.54,727.62
3,55,2464,1,102.58,102.58
1,56,911,3,138.68,416.04
2,56,11263,1,13.05,13.05
3,56,4613,2,308.3,616.6
4,56,9953,2,167.9,335.8
5,56,8689,3,274.29,822.8700000000001
1,57,1775,1,450.98,450.98
2,57,5098,2,245.3,490.6
3,57,1332,2,181.36,362.72
4,57,9183,2,106.15,212.3
1,58,8224,3,400.12,1200.3600000000001
2,58,9931,2,462.23,924.46
3,58,10307,1,205.21,205.21
4,58,11314,3,282.79,848.3700000000001
1,59,6385,1,353.54,353.54
2,59,115,2,428.0,856.0
3,59,10419,2,70.1,140.2
1,60,3346,1,247.04,247.04
2,60,1102,1,124.21,124.21
1,61,6192,1,248.56,248.56
2,61,8194,2,116.51,233.02
3,61,9090,4,428.81,1715.24
4,61,3969,4,450.9,1803.6
5,61,2143,1,370.41,370.41
1,62,2174,3,499.26,1497.78
2,62,4497,2,38.38,76.76
3,62,8594,2,309.16,618.32
4,62,4244,1,429.72,429.72
5,62,8821,2,478.21,956.42
1,63,2872,4,342.49,1369.96
2,63,7628,3,394.34,1183.02
3,63,3083,4,150.06,600.24
1,64,6917,1,415.78,415.78
2,64,11216,3,20.67,62.010000000000005
3,64,3437,2,182.45,364.9
1,65,1596,2,239.55,479.1
2,65,10577,1,352.96,352.96
3,65,8306,2,296.4,592.8
4,65,8137,3,55.53,166.59
5,65,6961,3,164.07,492.21
1,66,1933,3,390.58,1171.74
2,66,8147,4,42.13,168.52
1,67,5263,4,170.17,680.68
2,67,7374,3,124.25,372.75
1,68,9482,3,126.05,378.15
1,69,2930,3,356.93,1070.79
1,70,3710,2,320.84,641.68
2,70,7404,2,79.98,159.96
3,70,3485,2,312.81,625.62
4,70,798,2,259.96,519.92
1,71,11176,1,127.51,127.51
1,72,4417,4,185.96,743.84
1,73,3907,4,160.55,642.2
2,73,5309,1,168.92,168.92
1,74,7943,1,470.8,470.8
2,74,889,3,15.44,46.32
1,75,10423,1,8.25,8.25
2,75,3534,4,272.54,1090.16
3,75,2546,4,93.27,373.08
1,76,1565,1,472.73,472.73
2,76,8149,3,481.63,1444.8899999999999
3,76,5891,1,56.31,56.31
1,77,11580,1,375.94,375.94
2,77,1538,3,116.27,348.81
1,78,4918,1,143.67,143.67
2,78,8000,2,417.63,835.26
3,78,1623,1,110.38,110.38
1,79,2491,1,427.61,427.61
1,80,10672,3,216.58,649.74
2,80,5910,2,171.33,342.66
1,81,11414,3,180.28,540.84
2,81,11550,3,338.0,1014.0
1,82,9740,3,311.6,934.8000000000001
2,82,1819,1,147.62,147.62
3,82,4332,1,411.0,411.0
4,82,2444,4,108.66,434.64
1,83,9886,4,468.31,1873.24
2,83,4569,1,9.01,9.01
3,83,11143,2,393.57,787.14
4,83,5614,4,440.87,1763.48
1,84,1762,3,115.52,346.56
1,85,9196,3,78.59,235.77
2,85,875,1,265.59,265.59
3,85,2503,1,334.26,334.26
4,85,9958,3,49.41,148.23
5,85,4103,2,167.15,334.3
1,86,11653,1,290.86,290.86
1,87,3232,4,324.87,1299.48
2,87,1269,1,161.27,161.27
3,87,11822,3,136.75,410.25
1,88,3206,4,348.64,1394.56
2,88,11355,3,193.72,581.16
3,88,10817,1,381.58,381.58
4,88,3126,2,480.23,960.46
5,88,4405,3,338.15,1014.4499999999999
1,89,671,2,61.07,122.14
2,89,739,1,422.32,422.32
3,89,9741,4,74.23,296.92
4,89,3495,2,393.84,787.68
5,89,5775,2,208.94,417.88
1,90,8524,4,109.3,437.2
2,90,1366,1,396.94,396.94
3,90,521,2,370.18,740.36
4,90,4408,1,98.52,98.52
1,91,10177,2,107.17,214.34
2,91,3611,3,425.65,1276.9499999999998
3,91,5213,4,412.72,1650.88
4,91,7789,1,20.65,20.65
5,91,4847,2,239.06,478.12
1,92,1282,4,297.56,1190.24
2,92,4989,3,455.31,1365.93
3,92,7112,4,244.39,977.56
4,92,1916,1,248.05,248.05
1,93,9798,4,381.13,1524.52
2,93,4952,4,484.68,1938.72
3,93,6542,1,460.53,460.53
4,93,6013,3,229.3,687.9000000000001
5,93,11219,3,355.69,1067.07
1,94,4507,3,98.16,294.48
2,94,8995,1,38.39,38.39
3,94,2852,1,186.19,186.19
4,94,11456,1,334.76,334.76
5,94,6058,4,315.8,1263.2
1,95,11102,3,276.24,828.72
2,95,1163,2,481.15,962.3
3,95,3887,4,464.75,1859.0
4,95,3679,3,94.87,284.61
1,96,9750,1,77.69,77.69
2,96,6866,3,51.64,154.92000000000002
3,96,1119,1,228.9,228.9
4,96,1623,4,110.38,441.52
1,97,1994,3,140.44,421.32
2,97,10776,4,247.67,990.68
1,98,605,3,438.17,1314.51
1,99,11753,3,62.42,187.26
1,100,5973,3,169.37,508.11
2,100,2981,2,203.99,407.98
1,101,101,1,136.13,136.13
2,101,646,3,318.36,955.08
3,101,11805,4,132.04,528.16
4,101,9201,2,336.65,673.3
1,102,5270,3,24.4,73.19999999999999
2,102,583,1,422.94,422.94
3,102,2849,1,387.35,387.35
4,102,6529,1,109.33,109.33
5,102,10593,4,202.05,808.2
1,103,7402,4,90.5,362.0
2,103,9549,2,326.52,653.04
3,103,1035,3,24.69,74.07000000000001
4,103,9111,1,270.29,270.29
1,104,36,2,249.32,498.64
2,104,11385,4,6.43,25.72
1,105,6640,2,357.18,714.36
2,105,6959,2,387.91,775.82
3,105,11280,3,169.06,507.18
4,105,4706,1,432.67,432.67
1,106,8828,3,242.29,726.87
1,107,1788,1,242.63,242.63
2,107,10656,4,328.4,1313.6
3,107,4983,1,176.44,176.44
4,107,4703,3,147.64,442.91999999999996
5,107,9465,2,242.27,484.54
1,108,7954,1,196.08,196.08
2,108,6056,1,362.73,362.73
3,108,3415,1,379.18,379.18
4,108,10434,2,14.85,29.7
1,109,236,1,394.93,394.93
1,110,5439,1,376.92,376.92
2,110,9579,4,320.21,1280.84
3,110,4379,1,391.21,391.21
4,110,5,1,46.25,46.25
5,110,2240,1,297.15,297.15
1,111,5128,4,40.69,162.76
2,111,474,4,471.78,1887.12
3,111,11730,3,274.71,824.1299999999999
4,111,4386,2,304.82,609.64
1,112,7523,4,53.99,215.96
2,112,3346,1,247.04,247.04
1,113,864,4,229.51,918.04
2,113,11586,2,159.72,319.44
3,113,1506,2,421.44,842.88
4,113,7170,2,306.48,612.96
1,114,9782,2,16.71,33.42
2,114,1247,4,417.25,1669.0
1,115,2291,1,269.92,269.92
2,115,5026,4,494.38,1977.52
3,115,9899,1,264.6,264.6
1,116,7556,4,326.07,1304.28
1,117,5277,2,355.35,710.7
2,117,1817,4,159.04,636.16
3,117,5473,1,78.96,78.96
4,117,7123,1,107.47,107.47
5,117,10121,1,428.4,428.4
1,118,4626,2,54.35,108.7
2,118,11098,3,167.51,502.53
1,119,11052,3,398.44,1195.32
2,119,9185,2,119.5,239.0
1,120,249,4,167.2,668.8
2,120,9301,1,161.62,161.62
3,120,8648,2,463.93,927.86
1,121,11986,2,415.7,831.4
2,121,4668,2,424.93,849.86
3,121,7283,2,484.2,968.4
1,122,7761,4,334.16,1336.64
2,122,5017,2,354.46,708.92
3,122,9400,3,261.91,785.73
4,122,3434,3,390.95,1172.85
1,123,3039,1,410.43,410.43
2,123,7629,4,31.13,124.52
3,123,6887,1,454.89,454.89
4,123,6370,2,71.04,142.08
1,124,7605,1,364.96,364.96
2,124,8127,3,222.43,667.29
3,124,7415,4,239.47,957.88
1,125,1655,3,264.74,794.22
2,125,132,1,32.18,32.18
3,125,4708,2,306.62,613.24
1,126,1584,1,414.48,414.48
2,126,4876,2,222.53,445.06
3,126,7830,1,398.08,398.08
1,127,1269,2,161.27,322.54
2,127,7541,3,126.15,378.45000000000005
3,127,2521,3,274.54,823.6200000000001
1,128,10946,1,389.02,389.02
2,128,7069,2,368.59,737.18
1,129,11137,1,480.03,480.03
2,129,4662,3,21.46,64.38
3,129,9727,2,360.33,720.66
4,129,3761,3,497.7,1493.1
1,130,1972,2,177.21,354.42
2,130,5928,4,158.58,634.32
3,130,1696,2,110.23,220.46
4,130,7411,2,265.92,531.84
1,131,8426,2,18.7,37.4
2,131,10731,4,247.58,990.32
1,132,2138,4,402.07,1608.28
2,132,7975,2,15.18,30.36
3,132,5308,4,42.33,169.32
1,133,4763,1,396.35,396.35
1,134,4338,3,68.15,204.45000000000002
2,134,11650,4,352.4,1409.6
3,134,2892,2,495.69,991.38
4,134,1546,1,387.36,387.36
5,134,5984,2,209.94,419.88
1,135,7100,1,410.24,410.24
1,136,5659,1,238.82,238.82
2,136,261,4,38.58,154.32
3,136,11877,1,273.0,273.0
1,137,4582,4,244.63,978.52
2,137,9314,4,160.66,642.64
3,137,8544,1,27.63,27.63
1,138,4499,2,339.39,678.78
2,138,7338,2,9.72,19.44
3,138,2045,2,193.61,387.22
1,139,11923,1,372.66,372.66
2,139,1451,3,30.55,91.65
3,139,5983,2,369.07,738.14
4,139,2185,2,392.73,785.46
5,139,9927,4,310.39,1241.56
1,140,6103,2,235.43,470.86
2,140,9670,2,404.14,808.28
3,140,9668,3,27.5,82.5
4,140,10809,2,203.01,406.02
5,140,4234,2,270.06,540.12
1,141,6155,2,128.3,256.6
2,141,4003,2,394.42,788.84
3,141,4954,2,179.4,358.8
1,142,10357,1,106.18,106.18
2,142,2761,4,187.75,751.0
3,142,1005,2,242.32,484.64
4,142,9397,2,48.16,96.32
1,143,10106,2,381.87,763.74
2,143,11868,3,22.98,68.94
3,143,8321,3,246.44,739.3199999999999
4,143,3172,3,189.96,569.88
1,144,639,4,181.61,726.44
2,144,8319,3,331.05,993.1500000000001
1,145,7405,1,215.06,215.06
2,145,8017,4,117.04,468.16
3,145,11815,2,269.02,538.04
1,146,7020,4,475.47,1901.88
2,146,3681,4,363.9,1455.6
3,146,10043,1,79.14,79.14
1,147,4902,2,246.59,493.18
2,147,8795,2,459.32,918.64
3,147,8205,1,98.55,98.55
1,148,810,1,123.19,123.19
2,148,2883,3,320.2,960.5999999999999
3,148,554,1,153.05,153.05
4,148,7712,4,115.57,462.28
5,148,5000,1,403.02,403.02
1,149,11754,3,331.44,994.3199999999999
2,149,11573,3,20.33,60.989999999999995
3,149,4791,2,301.09,602.18
4,149,11564,1,32.31,32.31
5,149,3023,4,441.94,1767.76
1,150,6526,1,452.54,452.54
2,150,8662,1,382.6,382.6
3,150,2676,3,356.15,1068.4499999999998
4,150,662,3,311.62,934.86
5,150,10980,4,472.14,1888.56
1,151,2275,3,431.14,1293.42
2,151,10011,1,14.33,14.33
1,152,10552,1,296.2,296.2
2,152,7621,4,196.47,785.88
3,152,5849,2,260.66,521.32
1,153,6993,4,77.06,308.24
2,153,159,2,40.37,80.74
3,153,5416,3,422.7,1268.1
4,153,3826,4,350.17,1400.68
5,153,8444,1,6.76,6.76
1,154,183,4,258.25,1033.0
1,155,2743,3,155.14,465.41999999999996
1,156,1693,4,430.13,1720.52
1,157,2024,3,219.91,659.73
1,158,8637,4,171.91,687.64
2,158,10757,1,397.44,397.44
3,158,11322,1,267.5,267.5
1,159,504,1,181.46,181.46
2,159,6924,2,143.91,287.82
3,159,10948,4,82.22,328.88
4,159,2435,4,83.29,333.16
5,159,204,2,287.72,575.44
1,160,2849,4,387.35,1549.4
2,160,5841,3,319.35,958.0500000000001
1,161,2019,1,328.61,328.61
2,161,7775,2,315.53,631.06
3,161,4559,4,33.86,135.44
4,161,10035,2,157.61,315.22
5,161,403,1,223.22,223.22
1,162,8273,2,348.49,696.98
1,163,5208,1,114.37,114.37
2,163,9088,4,86.02,344.08
3,163,11126,1,56.86,56.86
4,163,8530,4,6.07,24.28
1,164,11781,2,43.51,87.02
1,165,4892,3,81.52,244.56
2,165,618,3,378.63,1135.8899999999999
3,165,6191,3,37.38,112.14000000000001
1,166,8898,4,278.06,1112.24
2,166,1999,4,110.82,443.28
1,167,7498,2,155.83,311.66
2,167,6668,3,392.46,1177.3799999999999
3,167,5987,3,404.75,1214.25
4,167,4642,2,51.84,103.68
5,167,9,2,37.62,75.24
1,168,4921,2,180.8,361.6
1,169,7403,3,121.27,363.81
2,169,10585,1,19.43,19.43
3,169,10837,2,421.76,843.52
1,170,6220,1,113.26,113.26
2,170,2005,1,373.85,373.85
3,170,5855,1,473.59,473.59
4,170,1017,2,113.44,226.88
1,171,8389,4,251.25,1005.0
2,171,10915,2,17.55,35.1
3,171,1373,1,385.95,385.95
4,171,7561,2,207.29,414.58
1,172,10570,3,28.1,84.30000000000001
2,172,4775,1,25.08,25.08
3,172,5936,2,125.26,250.52
1,173,3372,2,64.38,128.76
2,173,8696,1,376.69,376.69
3,173,7661,1,355.62,355.62
4,173,1410,2,423.52,847.04
5,173,8593,2,216.93,433.86
1,174,1164,3,472.66,1417.98
2,174,1202,3,153.63,460.89
3,174,10277,1,107.9,107.9
1,175,6454,4,250.2,1000.8
2,175,5737,4,51.08,204.32
3,175,9940,3,214.53,643.59
4,175,3426,3,100.87,302.61
1,176,7160,4,246.69,986.76
2,176,4331,2,319.39,638.78
3,176,10868,3,453.88,1361.6399999999999
4,176,1294,1,360.26,360.26
5,176,1862,3,63.71,191.13
1,177,209,4,15.4,61.6
2,177,2241,3,413.65,1240.9499999999998
3,177,1310,2,70.96,141.92
1,178,11257,4,373.68,1494.72
2,178,10349,2,448.69,897.38
3,178,2043,2,333.38,666.76
4,178,949,2,136.16,272.32
1,179,10904,3,33.39,100.17
2,179,806,2,162.9,325.8
1,180,2228,2,402.84,805.68
2,180,11093,1,281.46,281.46
3,180,6366,3,214.03,642.09
4,180,10325,3,131.99,395.97
5,180,1898,3,214.26,642.78
1,181,1996,3,80.79,242.37
2,181,1025,1,418.28,418.28
3,181,7810,3,81.52,244.56
1,182,8278,1,370.44,370.44
1,183,2596,3,5.33,15.99
2,183,3984,1,378.92,378.92
3,183,6179,2,404.79,809.58
4,183,7923,2,380.41,760.82
5,183,9077,1,473.91,473.91
1,184,1336,3,307.78,923.3399999999999
2,184,2898,4,170.35,681.4
3,184,4902,3,246.59,739.77
4,184,4250,1,285.68,285.68
5,184,11172,2,210.19,420.38
1,185,5505,4,252.89,1011.56
2,185,1637,3,69.46,208.38
3,185,9059,3,481.6,1444.8000000000002
1,186,4333,3,385.25,1155.75
2,186,6034,4,52.24,208.96
3,186,4358,2,397.26,794.52
1,187,7258,2,468.85,937.7
2,187,1184,1,476.96,476.96
3,187,9086,4,479.54,1918.16
1,188,9637,4,439.2,1756.8
1,189,4524,1,299.81,299.81
2,189,7013,2,391.17,782.34
3,189,4003,3,394.42,1183.26
4,189,4442,3,353.29,1059.8700000000001
1,190,8455,2,13.91,27.82
2,190,4147,4,58.38,233.52
3,190,10950,1,97.16,97.16
4,190,818,1,159.04,159.04
1,191,9098,1,410.13,410.13
1,192,5787,2,126.31,252.62
1,193,6396,3,463.67,1391.01
2,193,10482,1,451.42,451.42
3,193,7074,3,79.33,237.99
1,194,7110,3,145.37,436.11
2,194,5036,3,335.53,1006.5899999999999
3,194,7514,3,323.2,969.5999999999999
4,194,5556,4,357.48,1429.92
1,195,10532,1,496.33,496.33
1,196,1548,3,399.87,1199.6100000000001
2,196,4713,3,63.51,190.53
3,196,7537,4,480.31,1921.24
1,197,11845,3,92.96,278.88
2,197,10327,4,290.16,1160.64
3,197,6964,3,151.79,455.37
1,198,10843,2,243.06,486.12
1,199,4241,3,93.25,279.75
2,199,7762,3,103.22,309.65999999999997
1,200,5687,2,481.36,962.72
2,200,2939,4,434.99,1739.96
3,200,4597,3,428.89,1286.67
1,201,6034,4,52.24,208.96
2,201,6308,3,420.74,1262.22
3,201,11779,1,321.83,321.83
1,202,7925,1,270.81,270.81
2,202,10067,2,42.41,84.82
3,202,2268,4,180.44,721.76
1,203,11489,4,299.47,1197.88
1,204,8908,1,176.37,176.37
2,204,370,2,147.71,295.42
3,204,8717,3,287.24,861.72
4,204,7153,1,483.28,483.28
5,204,4547,2,263.97,527.94
1,205,7792,2,115.4,230.8
2,205,9781,1,219.22,219.22
3,205,862,1,280.46,280.46
4,205,2951,4,314.74,1258.96
1,206,9409,3,60.62,181.85999999999999
2,206,8222,4,473.12,1892.48
3,206,2826,4,298.23,1192.92
4,206,3181,3,78.12,234.36
5,206,11732,2,144.25,288.5
1,207,2154,3,126.36,379.08
1,208,9183,4,106.15,424.6
1,209,10881,2,153.78,307.56
2,209,8728,2,480.37,960.74
3,209,5133,4,440.74,1762.96
4,209,1089,2,38.3,76.6
1,210,10067,4,42.41,169.64
1,211,6649,2,300.05,600.1
2,211,8440,1,392.24,392.24
1,212,2531,3,78.23,234.69
2,212,11581,4,42.5,170.0
1,213,8649,3,307.53,922.5899999999999
1,214,3782,1,21.78,21.78
2,214,4915,4,380.44,1521.76
3,214,6520,1,162.55,162.55
1,215,737,3,134.79,404.37
2,215,1527,2,467.51,935.02
3,215,3761,3,497.7,1493.1
4,215,9296,3,467.65,1402.9499999999998
1,216,4287,4,51.72,206.88
2,216,3447,4,493.46,1973.84
3,216,3824,1,240.77,240.77
4,216,2851,3,216.48,649.4399999999999
1,217,5808,1,217.08,217.08
2,217,2099,2,446.91,893.82
3,217,4353,3,207.17,621.51
4,217,10169,2,84.99,169.98
1,218,241,4,185.62,742.48
2,218,6781,1,48.03,48.03
3,218,233,3,449.89,1349.67
1,219,2299,3,431.84,1295.52
2,219,2515,1,332.91,332.91
3,219,5602,1,380.31,380.31
4,219,9377,1,387.97,387.97
5,219,11398,4,57.5,230.0
1,220,3293,4,121.74,486.96
2,220,11486,2,445.4,890.8
3,220,4605,3,307.38,922.14
1,221,558,3,123.6,370.79999999999995
2,221,9573,2,215.22,430.44
3,221,8705,1,278.96,278.96
4,221,7572,1,470.52,470.52
1,222,7974,3,99.88,299.64
1,223,7907,1,160.25,160.25
2,223,2141,1,251.01,251.01
3,223,8185,1,38.3,38.3
4,223,6617,1,355.04,355.04
5,223,8716,3,139.12,417.36
1,224,3793,4,353.8,1415.2
2,224,1504,2,288.78,577.56
1,225,338,3,100.69,302.07
1,226,448,3,432.56,1297.68
2,226,1895,4,197.57,790.28
3,226,8306,3,296.4,889.1999999999999
4,226,8002,2,91.4,182.8
5,226,11514,3,183.47,550.41
1,227,1185,1,286.53,286.53
1,228,3773,4,38.15,152.6
2,228,8761,3,485.87,1457.6100000000001
3,228,9140,1,137.63,137.63
1,229,4139,4,354.33,1417.32
2,229,5018,1,414.04,414.04
3,229,4694,2,188.88,377.76
4,229,7728,1,342.56,342.56
1,230,11376,1,445.41,445.41
2,230,7935,2,436.13,872.26
3,230,3832,4,417.98,1671.92
4,230,9269,1,205.65,205.65
1,231,5984,3,209.94,629.8199999999999
2,231,6390,4,260.53,1042.12
1,232,7004,3,211.17,633.51
2,232,881,3,77.34,232.02
1,233,7091,1,407.95,407.95
2,233,10199,2,208.36,416.72
3,233,5237,4,391.15,1564.6
1,234,4622,3,220.86,662.58
2,234,10668,2,349.98,699.96
3,234,11811,1,148.32,148.32
4,234,9806,3,63.41,190.23
5,234,323,4,449.55,1798.2
1,235,5452,4,62.18,248.72
2,235,3252,4,204.48,817.92
1,236,1489,4,235.16,940.64
2,236,5453,3,459.48,1378.44
3,236,10689,3,299.1,897.3000000000001
4,236,8285,2,354.09,708.18
5,236,3493,2,279.56,559.12
1,237,7856,1,51.93,51.93
2,237,4310,2,484.83,969.66
1,238,5288,3,480.38,1441.1399999999999
2,238,4782,3,198.77,596.3100000000001
1,239,5009,2,120.8,241.6
2,239,10950,4,97.16,388.64
1,240,1577,1,10.38,10.38
2,240,9384,3,245.12,735.36
3,240,5384,4,228.77,915.08
4,240,10278,3,157.64,472.91999999999996
1,241,2887,4,412.87,1651.48
2,241,5577,1,313.91,313.91
3,241,624,1,120.44,120.44
1,242,4060,3,15.64,46.92
2,242,694,4,152.31,609.24
3,242,9937,4,172.05,688.2
4,242,2924,3,210.92,632.76
5,242,9838,4,164.72,658.88
1,243,3377,1,445.43,445.43
2,243,2393,1,313.13,313.13
1,244,4947,1,385.37,385.37
2,244,10421,4,465.14,1860.56
3,244,569,3,440.41,1321.23
4,244,1095,1,481.38,481.38
5,244,6644,3,75.52,226.56
1,245,2228,1,402.84,402.84
2,245,4922,1,241.59,241.59
3,245,47,2,332.74,665.48
1,246,747,2,268.0,536.0
2,246,7405,4,215.06,860.24
3,246,4747,4,162.18,648.72
4,246,11287,2,229.13,458.26
5,246,10843,1,243.06,243.06
1,247,9856,2,267.07,534.14
1,248,4236,2,96.46,192.92
1,249,9407,4,497.21,1988.84
2,249,10021,2,376.18,752.36
1,250,11088,2,141.08,282.16
1,251,7376,4,453.71,1814.84
2,251,2784,4,417.95,1671.8
3,251,2109,4,434.07,1736.28
4,251,8251,1,248.02,248.02
5,251,9438,3,289.83,869.49
1,252,5900,4,491.39,1965.56
2,252,8542,4,123.87,495.48
3,252,8236,3,114.37,343.11
4,252,1203,1,130.04,130.04
1,253,8304,2,471.23,942.46
2,253,421,1,38.11,38.11
3,253,834,2,234.84,469.68
4,253,3569,3,199.89,599.67
1,254,1705,3,296.43,889.29
2,254,2761,3,187.75,563.25
1,255,7101,4,445.24,1780.96
1,256,31,2,32.49,64.98
2,256,6689,1,275.48,275.48
3,256,2288,2,242.87,485.74
4,256,5226,2,166.1,332.2
1,257,3171,4,333.99,1335.96
1,258,11398,3,57.5,172.5
1,259,9159,1,64.11,64.11
2,259,1963,1,452.2,452.2
3,259,10621,3,185.8,557.4000000000001
4,259,8792,3,109.5,328.5
5,259,10998,4,44.68,178.72
1,260,9264,2,58.6,117.2
2,260,811,2,163.3,326.6
1,261,6981,4,126.2,504.8
2,261,9027,2,468.96,937.92
1,262,4785,2,257.68,515.36
2,262,6420,4,13.96,55.84
3,262,2651,4,98.89,395.56
1,263,5741,1,259.15,259.15
2,263,4048,2,316.8,633.6
1,264,10989,2,50.53,101.06
2,264,4853,2,267.6,535.2
3,264,3048,4,356.17,1424.68
4,264,5854,1,301.64,301.64
5,264,10198,3,459.08,1377.24
1,265,11954,3,234.57,703.71
2,265,4829,2,198.51,397.02
1,266,3203,4,410.39,1641.56
2,266,987,1,240.09,240.09
3,266,3204,3,291.8,875.4000000000001
4,266,9729,1,20.25,20.25
5,266,10283,3,152.58,457.74
1,267,351,4,213.49,853.96
2,267,10238,2,374.68,749.36
3,267,7683,1,106.87,106.87
4,267,2116,4,411.53,1646.12
5,267,83,4,479.56,1918.24
1,268,3726,4,354.95,1419.8
2,268,1908,2,314.87,629.74
3,268,8609,3,397.41,1192.23
4,268,130,4,498.15,1992.6
5,268,6860,2,149.19,298.38
1,269,3142,3,160.15,480.45000000000005
2,269,3877,2,176.3,352.6
3,269,2314,4,299.79,1199.16
4,269,1410,1,423.52,423.52
1,270,4759,4,471.59,1886.36
2,270,3813,1,405.92,405.92
3,270,2990,2,218.63,437.26
4,270,11621,3,204.35,613.05
1,271,138,1,462.51,462.51
2,271,689,4,234.27,937.08
3,271,3959,1,268.31,268.31
4,271,2822,3,176.01,528.03
5,271,11408,3,162.67,488.01
1,272,539,4,423.01,1692.04
2,272,1061,3,484.9,1454.6999999999998
3,272,2573,4,439.73,1758.92
4,272,6911,4,476.7,1906.8
1,273,1001,3,119.76,359.28000000000003
2,273,2598,2,244.81,489.62
3,273,6560,4,299.92,1199.68
4,273,756,2,54.0,108.0
1,274,11534,4,362.85,1451.4
1,275,2560,3,106.07,318.21
2,275,9864,3,104.5,313.5
3,275,4588,4,186.32,745.28
4,275,7853,1,144.26,144.26
1,276,1844,2,481.87,963.74
2,276,10495,1,74.79,74.79
1,277,6010,4,218.4,873.6
2,277,10809,1,203.01,203.01
3,277,8582,2,165.49,330.98
4,277,3006,1,105.69,105.69
1,278,1005,3,242.32,726.96
2,278,7722,3,376.8,1130.4
3,278,3266,3,461.27,1383.81
4,278,1427,2,199.13,398.26
5,278,1809,4,165.75,663.0
1,279,3653,1,214.79,214.79
2,279,1793,1,468.0,468.0
3,279,10071,4,157.06,628.24
1,280,5004,4,477.01,1908.04
2,280,4371,3,235.33,705.99
3,280,7406,1,30.34,30.34
4,280,4297,4,353.59,1414.36
5,280,4574,2,329.02,658.04
1,281,2261,2,169.68,339.36
2,281,4492,1,339.19,339.19
3,281,266,3,113.79,341.37
4,281,2010,1,439.75,439.75
5,281,243,2,235.15,470.3
1,282,2846,1,166.75,166.75
2,282,9573,4,215.22,860.88
3,282,9965,4,27.68,110.72
4,282,6739,4,460.17,1840.68
5,282,9648,1,407.42,407.42
1,283,7258,4,468.85,1875.4
2,283,9338,1,268.71,268.71
3,283,8782,3,259.05,777.1500000000001
4,283,7932,3,260.8,782.4000000000001
5,283,7911,2,381.29,762.58
1,284,9883,3,342.37,1027.1100000000001
2,284,6133,1,288.96,288.96
3,284,11478,3,197.2,591.5999999999999
4,284,3370,3,313.58,940.74
1,285,4838,3,385.31,1155.93
2,285,6694,2,232.22,464.44
3,285,113,4,449.34,1797.36
4,285,776,3,483.83,1451.49
1,286,11975,3,178.16,534.48
1,287,2009,4,226.08,904.32
2,287,8865,1,185.91,185.91
3,287,11750,2,219.38,438.76
1,288,7109,2,447.17,894.34
2,288,2881,1,38.21,38.21
3,288,9692,4,483.69,1934.76
4,288,9026,3,150.0,450.0
1,289,6363,2,82.61,165.22
2,289,7218,1,223.62,223.62
3,289,10096,3,471.58,1414.74
1,290,1903,3,243.23,729.6899999999999
2,290,10156,4,229.1,916.4
3,290,7850,1,256.52,256.52
1,291,8151,2,303.73,607.46
1,292,8475,3,260.74,782.22
1,293,8690,2,46.3,92.6
2,293,2212,2,306.11,612.22
1,294,5716,4,306.78,1227.12
2,294,3072,3,475.08,1425.24
3,294,8101,1,464.23,464.23
4,294,5007,2,354.23,708.46
5,294,6758,4,261.78,1047.12
1,295,9464,4,360.85,1443.4
2,295,8790,2,386.93,773.86
3,295,11628,2,397.8,795.6
4,295,1861,2,494.95,989.9
5,295,8285,4,354.09,1416.36
1,296,7851,1,45.44,45.44
2,296,63,2,44.16,88.32
1,297,6356,4,390.11,1560.44
2,297,8692,2,6.92,13.84
1,298,258,3,162.98,488.93999999999994
2,298,11583,3,61.23,183.69
1,299,2331,1,179.7,179.7
2,299,9310,2,96.02,192.04
3,299,2764,3,423.93,1271.79
4,299,1933,1,390.58,390.58
5,299,198,3,42.27,126.81
1,300,1119,4,228.9,915.6
2,300,11217,3,449.09,1347.27
3,300,7246,4,357.1,1428.4
1,301,2001,4,257.83,1031.32
2,301,10197,3,279.22,837.6600000000001
3,301,9021,3,326.2,978.5999999999999
4,301,445,2,151.57,303.14
5,301,3020,2,408.43,816.86
1,302,10366,2,455.98,911.96
2,302,2146,2,245.25,490.5
3,302,3170,1,392.82,392.82
4,302,1885,1,454.72,454.72
5,302,10316,1,438.13,438.13
1,303,1447,2,382.65,765.3
2,303,10248,4,176.25,705.0
3,303,2622,3,477.61,1432.83
4,303,3083,2,150.06,300.12
5,303,12027,2,206.97,413.94
1,304,8224,3,400.12,1200.3600000000001
2,304,898,4,273.52,1094.08
3,304,3187,3,276.34,829.02
4,304,1950,1,386.42,386.42
1,305,11217,2,449.09,898.18
2,305,1568,2,73.93,147.86
3,305,10534,1,22.69,22.69
4,305,9991,3,442.26,1326.78
5,305,2983,4,466.7,1866.8
1,306,7053,4,312.52,1250.08
2,306,9255,3,160.0,480.0
3,306,5256,2,155.35,310.7
1,307,11289,4,7.32,29.28
2,307,8187,3,290.92,872.76
3,307,6132,4,194.36,777.44
4,307,11750,2,219.38,438.76
5,307,7096,2,301.28,602.56
1,308,1916,3,248.05,744.1500000000001
1,309,3731,4,127.39,509.56
2,309,10041,2,292.03,584.06
1,310,3507,1,444.54,444.54
2,310,2464,4,102.58,410.32
3,310,11431,1,334.24,334.24
1,311,10709,1,64.12,64.12
1,312,6731,4,457.53,1830.12
2,312,181,2,338.81,677.62
3,312,7422,2,162.82,325.64
4,312,2361,1,312.02,312.02
5,312,3527,4,233.14,932.56
1,313,8748,2,145.88,291.76
2,313,8114,2,125.18,250.36
3,313,4917,4,291.64,1166.56
4,313,5680,2,226.62,453.24
5,313,4199,3,110.49,331.46999999999997
1,314,10353,3,205.8,617.4000000000001
2,314,6624,2,299.1,598.2
3,314,7213,2,345.29,690.58
4,314,554,3,153.05,459.15000000000003
1,315,6356,3,390.11,1170.33
2,315,11751,3,145.3,435.90000000000003
3,315,5635,4,98.72,394.88
4,315,6410,1,341.89,341.89
5,315,10380,3,257.15,771.4499999999999
1,316,3298,4,243.59,974.36
2,316,6481,1,370.08,370.08
3,316,4941,4,241.46,965.84
1,317,10367,3,303.89,911.67
2,317,2650,2,75.9,151.8
1,318,10524,4,454.48,1817.92
2,318,1147,2,480.92,961.84
3,318,9003,4,26.38,105.52
1,319,25,1,186.54,186.54
2,319,10936,1,406.67,406.67
3,319,2717,3,201.51,604.53
1,320,10803,4,477.89,1911.56
2,320,7381,2,262.25,524.5
3,320,396,4,63.12,252.48
4,320,7583,4,265.61,1062.44
1,321,7304,3,364.19,1092.57
2,321,9091,3,275.3,825.9000000000001
3,321,1521,2,404.55,809.1
4,321,7080,4,56.78,227.12
1,322,3873,2,81.36,162.72
2,322,5164,2,226.6,453.2
3,322,11847,4,395.49,1581.96
1,323,7309,4,404.62,1618.48
2,323,8209,1,61.06,61.06
1,324,8689,2,274.29,548.58
2,324,2037,2,90.12,180.24
1,325,6446,1,345.11,345.11
2,325,4394,1,155.64,155.64
1,326,738,3,489.1,1467.3000000000002
1,327,8625,3,249.03,747.09
2,327,11777,1,257.1,257.1
3,327,5922,1,112.23,112.23
4,327,5806,1,416.98,416.98
1,328,6121,3,15.46,46.38
1,329,1589,2,253.11,506.22
2,329,11768,2,7.04,14.08
3,329,6206,2,433.87,867.74
1,330,9071,1,272.84,272.84
2,330,8537,1,408.92,408.92
3,330,763,1,188.41,188.41
1,331,719,2,217.38,434.76
2,331,4832,4,336.54,1346.16
3,331,9350,3,343.57,1030.71
4,331,5231,2,158.28,316.56
5,331,8522,2,71.1,142.2
1,332,10335,4,213.15,852.6
2,332,3743,3,143.63,430.89
3,332,8499,3,423.56,1270.68
4,332,9041,3,318.59,955.77
1,333,6035,3,190.03,570.09
2,333,10262,4,259.85,1039.4
1,334,6114,4,384.68,1538.72
2,334,9302,2,345.25,690.5
3,334,2883,4,320.2,1280.8
1,335,4343,1,371.58,371.58
2,335,11796,3,445.09,1335.27
3,335,9409,3,60.62,181.85999999999999
1,336,2455,1,366.14,366.14
2,336,2287,3,352.68,1058.04
3,336,7979,3,358.6,1075.8000000000002
4,336,7305,2,293.59,587.18
1,337,9584,1,147.49,147.49
2,337,1566,3,312.29,936.8700000000001
3,337,1087,3,9.79,29.369999999999997
4,337,1865,4,191.42,765.68
5,337,7563,3,439.08,1317.24
1,338,691,2,229.96,459.92
1,339,3192,1,213.66,213.66
2,339,9223,3,432.37,1297.1100000000001
1,340,4219,1,301.64,301.64
2,340,10902,4,429.99,1719.96
1,341,3129,4,436.93,1747.72
1,342,5115,2,386.61,773.22
2,342,64,3,191.8,575.4000000000001
3,342,6046,3,331.27,993.81
1,343,9109,1,238.27,238.27
1,344,178,4,184.35,737.4
2,344,6552,1,249.23,249.23
3,344,8557,4,22.07,88.28
4,344,10498,3,356.24,1068.72
5,344,7196,3,401.52,1204.56
1,345,115,4,428.0,1712.0
2,345,1957,1,169.86,169.86
3,345,4473,4,89.85,359.4
4,345,9479,2,270.94,541.88
1,346,4586,4,148.27,593.08
2,346,3719,1,134.21,134.21
3,346,7036,4,372.42,1489.68
1,347,4163,1,244.66,244.66
2,347,9741,2,74.23,148.46
1,348,7078,2,31.48,62.96
2,348,7437,3,337.22,1011.6600000000001
3,348,1316,4,223.41,893.64
4,348,4288,2,71.2,142.4
5,348,6981,3,126.2,378.6
1,349,5203,2,392.03,784.06
2,349,11096,2,23.47,46.94
3,349,4832,3,336.54,1009.6200000000001
1,350,11182,3,186.73,560.1899999999999
2,350,7834,1,406.99,406.99
3,350,8810,4,95.91,383.64
1,351,5496,4,239.89,959.56
2,351,8472,4,202.06,808.24
3,351,7834,3,406.99,1220.97
4,351,1949,4,41.4,165.6
5,351,3558,3,286.88,860.64
1,352,615,2,473.01,946.02
2,352,320,1,242.32,242.32
3,352,345,3,291.9,875.6999999999999
4,352,10191,4,114.63,458.52
5,352,10055,4,240.84,963.36
1,353,3668,4,111.49,445.96
2,353,3394,4,145.19,580.76
3,353,12010,1,386.88,386.88
4,353,1035,1,24.69,24.69
5,353,9288,1,321.91,321.91
1,354,6075,2,313.59,627.18
2,354,7579,4,77.75,311.0
3,354,3781,4,166.58,666.32
4,354,1426,4,341.12,1364.48
1,355,7302,4,47.49,189.96
2,355,1432,1,84.49,84.49
1,356,8588,1,133.07,133.07
2,356,9823,4,465.83,1863.32
3,356,3611,2,425.65,851.3
4,356,1990,2,257.99,515.98
1,357,7955,1,421.97,421.97
1,358,5475,4,416.9,1667.6
1,359,1544,4,493.88,1975.52
2,359,1833,3,73.4,220.20000000000002
3,359,9085,2,19.03,38.06
4,359,3720,2,463.51,927.02
1,360,10801,4,358.88,1435.52
2,360,8255,2,134.82,269.64
3,360,6733,4,16.0,64.0
1,361,3387,2,29.06,58.12
2,361,2614,2,399.8,799.6
3,361,6996,4,356.96,1427.84
4,361,6280,1,112.98,112.98
1,362,6604,2,332.03,664.06
2,362,664,3,319.34,958.02
3,362,5323,2,88.49,176.98
4,362,1862,1,63.71,63.71
1,363,2775,1,154.72,154.72
2,363,6596,4,394.1,1576.4
1,364,3276,2,491.32,982.64
2,364,731,4,83.59,334.36
3,364,1902,3,270.53,811.5899999999999
4,364,10134,1,191.66,191.66
1,365,4163,4,244.66,978.64
2,365,6619,4,225.98,903.92
3,365,5105,1,408.24,408.24
4,365,7806,3,448.52,1345.56
5,365,4530,2,252.34,504.68
1,366,9024,3,443.76,1331.28
2,366,4837,4,34.81,139.24
3,366,2663,2,7.39,14.78
4,366,12007,3,281.59,844.77
5,366,6836,4,174.17,696.68
1,367,11623,1,310.24,310.24
2,367,8939,2,406.57,813.14
3,367,5117,3,312.46,937.3799999999999
4,367,5835,1,299.36,299.36
1,368,11288,4,412.62,1650.48
1,369,584,1,73.1,73.1
1,370,4470,4,239.62,958.48
2,370,2111,1,48.29,48.29
1,371,1145,4,156.87,627.48
1,372,11306,2,248.23,496.46
2,372,11045,2,376.42,752.84
3,372,11694,4,349.93,1399.72
4,372,8204,1,362.03,362.03
5,372,9047,1,484.31,484.31
1,373,5525,2,388.57,777.14
2,373,10612,2,226.88,453.76
3,373,11711,3,153.58,460.74
4,373,950,3,409.92,1229.76
5,373,5067,4,139.58,558.32
1,374,1755,2,167.16,334.32
2,374,9424,3,349.54,1048.6200000000001
3,374,6504,3,419.41,1258.23
1,375,2282,3,241.09,723.27
2,375,4894,1,322.92,322.92
1,376,7630,2,263.98,527.96
2,376,11156,2,101.33,202.66
3,376,3483,2,129.86,259.72
4,376,7845,4,23.54,94.16
5,376,11442,2,287.62,575.24
1,377,244,2,135.5,271.0
2,377,9998,2,118.75,237.5
1,378,2663,3,7.39,22.169999999999998
2,378,8199,3,102.32,306.96
3,378,9583,2,372.88,745.76
1,379,616,4,251.08,1004.32
2,379,11667,4,355.18,1420.72
3,379,11690,1,63.85,63.85
1,380,3940,4,36.07,144.28
2,380,10164,3,92.35,277.04999999999995
3,380,12009,2,109.72,219.44
4,380,5104,1,281.53,281.53
1,381,10865,3,338.6,1015.8000000000001
2,381,6633,1,100.06,100.06
3,381,8199,4,102.32,409.28
4,381,10420,3,181.01,543.03
5,381,8803,2,464.9,929.8
1,382,4720,1,434.32,434.32
2,382,1314,2,154.1,308.2
3,382,2817,4,96.42,385.68
4,382,10278,3,157.64,472.91999999999996
5,382,9562,1,400.66,400.66
1,383,6377,1,445.67,445.67
2,383,10421,1,465.14,465.14
3,383,640,1,72.95,72.95
1,384,3777,4,291.85,1167.4
2,384,4323,4,488.46,1953.84
3,384,4391,4,33.87,135.48
4,384,9218,1,281.16,281.16
5,384,2940,3,445.68,1337.04
1,385,3158,2,198.33,396.66
2,385,8438,2,275.83,551.66
3,385,1931,3,44.38,133.14000000000001
4,385,10285,1,80.55,80.55
1,386,1708,3,71.4,214.20000000000002
2,386,3500,4,34.54,138.16
3,386,7701,3,105.92,317.76
4,386,5552,2,58.92,117.84
1,387,11678,4,364.2,1456.8
2,387,12041,4,183.98,735.92
1,388,2234,1,369.3,369.3
2,388,2172,2,63.43,126.86
1,389,350,1,317.51,317.51
2,389,3820,4,332.03,1328.12
1,390,5073,2,327.07,654.14
2,390,8453,2,313.45,626.9
3,390,7557,3,134.66,403.98
4,390,2764,3,423.93,1271.79
1,391,8938,2,491.99,983.98
1,392,8596,2,319.29,638.58
2,392,417,2,269.82,539.64
3,392,11056,1,273.62,273.62
4,392,5850,2,435.48,870.96
5,392,10760,3,208.71,626.13
1,393,8755,4,288.33,1153.32
2,393,1393,4,92.93,371.72
3,393,9456,2,381.0,762.0
1,394,2148,1,217.53,217.53
2,394,8472,1,202.06,202.06
3,394,878,4,62.19,248.76
4,394,9747,2,472.67,945.34
5,394,3550,2,362.86,725.72
1,395,8968,1,129.52,129.52
1,396,9422,3,427.44,1282.32
2,396,9875,4,239.64,958.56
1,397,5627,4,379.19,1516.76
2,397,4005,4,106.39,425.56
3,397,9549,2,326.52,653.04
4,397,8386,4,365.04,1460.16
5,397,12052,3,412.24,1236.72
1,398,1749,4,216.47,865.88
2,398,8817,4,386.15,1544.6
3,398,4923,3,152.08,456.24
4,398,6635,3,176.76,530.28
5,398,4176,2,471.54,943.08
1,399,4398,2,139.51,279.02
2,399,9019,1,326.53,326.53
1,400,11698,2,442.33,884.66
2,400,10256,3,34.72,104.16
1,401,1164,4,472.66,1890.64
2,401,4065,4,336.06,1344.24
3,401,11735,4,255.3,1021.2
1,402,5020,1,436.53,436.53
2,402,3347,4,289.27,1157.08
3,402,7991,2,320.84,641.68
4,402,10215,2,375.21,750.42
1,403,5200,3,43.13,129.39000000000001
2,403,8932,4,143.58,574.32
3,403,7145,2,155.9,311.8
4,403,3944,1,253.91,253.91
1,404,6238,4,101.47,405.88
2,404,12031,1,121.74,121.74
3,404,854,3,44.94,134.82
4,404,10242,2,189.24,378.48
5,404,11009,2,47.97,95.94
1,405,9900,4,57.34,229.36
2,405,4618,3,293.75,881.25
3,405,6294,3,85.23,255.69
4,405,4006,3,81.14,243.42000000000002
5,405,4595,2,254.21,508.42
1,406,7410,2,52.72,105.44
2,406,7989,1,69.59,69.59
3,406,10672,4,216.58,866.32
1,407,4458,4,323.45,1293.8
2,407,11886,1,401.99,401.99
3,407,1476,3,287.09,861.27
4,407,11681,4,216.07,864.28
5,407,9983,4,113.9,455.6
1,408,4312,1,20.69,20.69
2,408,3388,4,248.81,995.24
3,408,5798,4,379.47,1517.88
1,409,2714,1,288.99,288.99
2,409,10034,1,94.28,94.28
3,409,6165,1,203.95,203.95
4,409,2925,1,75.05,75.05
5,409,8963,2,361.57,723.14
1,410,5548,4,202.27,809.08
2,410,8608,1,113.15,113.15
1,411,4138,2,464.68,929.36
1,412,5354,4,366.27,1465.08
2,412,2711,4,383.87,1535.48
3,412,11130,3,469.58,1408.74
4,412,386,4,430.05,1720.2
5,412,6717,2,387.84,775.68
1,413,9217,2,327.09,654.18
1,414,8502,4,96.15,384.6
2,414,11167,3,36.45,109.35000000000001
1,415,5672,3,301.49,904.47
1,416,2494,3,491.3,1473.9
1,417,550,3,336.87,1010.61
2,417,5454,4,33.85,135.4
1,418,7895,4,54.5,218.0
2,418,8002,3,91.4,274.20000000000005
1,419,10010,3,91.75,275.25
2,419,6081,3,136.19,408.57
3,419,8692,4,6.92,27.68
1,420,230,2,167.4,334.8
2,420,11325,3,278.62,835.86
3,420,10428,4,31.6,126.4
4,420,9386,2,33.85,67.7
1,421,11488,4,249.98,999.92
2,421,520,4,414.02,1656.08
1,422,10997,1,437.35,437.35
1,423,11029,1,257.45,257.45
2,423,7141,3,363.73,1091.19
3,423,8246,2,199.85,399.7
4,423,3814,4,173.3,693.2
1,424,10067,2,42.41,84.82
1,425,11511,1,114.41,114.41
2,425,9330,1,209.42,209.42
3,425,4634,2,43.26,86.52
4,425,2175,4,335.75,1343.0
1,426,666,1,253.89,253.89
2,426,95,4,52.46,209.84
1,427,7104,4,98.32,393.28
2,427,10364,1,289.2,289.2
3,427,3045,2,186.82,373.64
1,428,10508,4,225.58,902.32
2,428,8659,1,415.78,415.78
1,429,8089,3,494.87,1484.6100000000001
2,429,5304,2,268.33,536.66
3,429,11298,2,476.65,953.3
4,429,4003,1,394.42,394.42
1,430,10237,2,168.91,337.82
2,430,9805,3,137.7,413.09999999999997
3,430,9142,2,76.17,152.34
4,430,11451,2,353.57,707.14
1,431,10201,3,408.83,1226.49
2,431,7107,4,353.13,1412.52
3,431,11037,2,87.11,174.22
4,431,8465,2,404.67,809.34
1,432,4793,3,461.08,1383.24
2,432,12027,3,206.97,620.91
1,433,6659,1,218.9,218.9
1,434,9667,2,333.15,666.3
2,434,1799,4,108.04,432.16
3,434,9927,2,310.39,620.78
4,434,5968,3,279.39,838.17
1,435,5665,2,185.92,371.84
2,435,2212,1,306.11,306.11
3,435,4174,2,274.37,548.74
1,436,10781,2,220.83,441.66
2,436,877,2,415.55,831.1
3,436,1785,1,308.91,308.91
1,437,11849,2,246.65,493.3
2,437,4187,3,444.32,1332.96
1,438,3416,4,209.46,837.84
2,438,4540,3,70.73,212.19
1,439,2321,3,344.6,1033.8000000000002
2,439,5207,2,413.67,827.34
1,440,2858,2,32.89,65.78
2,440,1768,1,117.04,117.04
3,440,1102,2,124.21,248.42
4,440,6447,2,318.08,636.16
1,441,7415,3,239.47,718.41
2,441,2710,2,166.63,333.26
3,441,11224,3,102.62,307.86
1,442,11226,4,184.15,736.6
2,442,5067,3,139.58,418.74
3,442,519,2,177.88,355.76
1,443,7060,4,440.68,1762.72
1,444,7432,4,432.68,1730.72
2,444,8141,3,497.31,1491.93
3,444,8468,2,20.14,40.28
4,444,279,3,221.96,665.88
1,445,1010,2,297.7,595.4
2,445,4142,2,463.4,926.8
3,445,5164,4,226.6,906.4
1,446,1406,1,154.07,154.07
1,447,3086,2,142.61,285.22
1,448,1141,1,355.47,355.47
2,448,11481,3,270.49,811.47
3,448,3643,4,94.9,379.6
4,448,2908,1,37.79,37.79
5,448,7866,1,395.87,395.87
1,449,2411,1,438.68,438.68
2,449,6015,3,384.29,1152.8700000000001
3,449,6909,1,334.84,334.84
1,450,8055,2,119.3,238.6
